id,block,sentence_n,trialtime,x,y
112,1,52,365.33299999999997,1447.9375799999998,1296.166452
112,1,52,498.667,983.53372,1502.2023279999999
112,1,52,565.3330000000001,991.770244,1535.985256
112,1,52,665.333,1043.2084,1534.37318
112,1,52,898.667,736.532544,427.1819879999998
112,1,52,1065.333,731.68592,414.78126399999996
112,1,52,1098.667,711.444796,414.6652960000001
112,1,52,1265.333,1815.994884,2061.702628
112,1,52,1298.667,1818.739148,2066.9791720000003
112,1,52,1332.0,1812.75302,2079.541768
112,1,52,1365.333,1817.527492,2096.81194
112,1,52,1398.667,1935.170084,1637.788248
112,1,52,1498.667,1685.527896,1831.49286
112,1,52,1532.0,1672.723404,1830.095204
112,1,52,1565.333,1662.935612,1832.772132
112,1,52,1598.667,1632.580768,1824.189896
112,1,52,1632.0,1629.284168,1810.781096
112,1,52,1665.333,1609.7583439999999,1804.65714
112,1,52,1698.667,1603.336816,1800.375988
112,1,52,1732.0,1596.145252,1797.766104
112,1,52,1765.333,1593.285296,1785.7501280000001
112,1,52,1798.667,1600.400976,1797.047344
112,1,52,1832.0,1559.557968,1783.751492
112,1,52,1865.333,1550.527772,1794.769056
112,1,52,1898.667,1554.491156,1796.900572
112,1,52,1932.0,1550.9482440000002,1819.85076
112,1,52,1965.333,1550.439448,1815.48988
112,1,52,1998.667,1553.330504,1880.433168
112,1,52,2298.667,1584.872124,1716.62112
112,1,52,2498.667,1652.349172,1859.463496
112,1,52,2532.0,1627.069848,1854.902088
112,1,52,2565.333,1587.050368,1564.057968
112,1,52,2598.667,1557.999236,1367.194436
112,1,52,2632.0,1539.3653599999998,1355.493144
112,1,52,2665.333,1457.7390560000001,1662.889884
112,1,52,2698.667,1441.218736,1659.373396
112,1,52,2732.0,1414.919332,1662.80774
112,1,52,2765.333,1395.149684,1739.102604
112,1,52,2832.0,1383.620292,2026.752772
112,1,52,2865.333,1386.0498240000002,2032.44668
112,1,52,2932.0,791.504904,1845.785312
112,1,52,2965.333,797.483568,1834.889756
112,1,52,2998.667,817.233312,1842.584716
112,1,52,3032.0,844.624948,1838.787972
112,1,52,3065.333,854.453792,1839.817188
112,1,52,3098.667,864.181872,1845.884368
112,1,52,3132.0,860.7148440000001,1868.368872
112,1,52,3165.333,856.951744,1868.82308
112,1,52,3198.667,866.538008,1870.919564
112,1,52,3232.0,1024.328212,1889.121104
112,1,52,3265.333,1011.992708,1890.593052
112,1,52,3332.0,1631.802024,1246.478996
112,1,52,3365.333,1623.713536,1255.7232159999999
112,1,52,3398.667,1625.863168,1264.225724
112,1,52,3465.333,1591.3172880000002,1359.34908
112,1,52,3498.667,1590.8147119999999,1376.666968
112,1,52,3532.0,1588.763356,1372.4450080000001
112,1,52,3565.333,1632.0707280000001,1362.2060000000001
112,1,52,3598.667,1633.115688,1356.82738
112,1,52,3632.0,917.74478,1936.07848
112,1,52,3665.333,930.9137639999999,1936.90596
112,1,52,3698.667,951.197184,1939.096668
112,1,52,3732.0,963.471732,1943.03052
112,1,52,3765.333,988.0581480000001,1944.9603
112,1,52,3865.333,1066.998656,1756.009168
112,1,52,3898.667,1115.9015399999998,1597.604732
112,1,52,3932.0,1138.860804,1601.957156
112,1,52,3965.333,1153.9467920000002,1603.699696
112,1,52,3998.667,1153.7315800000001,1605.271908
112,1,52,4032.0,1138.276124,1601.298192
112,1,52,4065.333,1134.031596,1596.85396
112,1,52,4098.6669999999995,1133.577536,1598.473284
112,1,52,4132.0,1847.904728,1882.097188
112,1,52,4265.333,1725.033604,1866.852832
112,1,52,4298.667,1719.201732,1882.03256
112,1,52,4332.0,1707.4484200000002,1888.062896
112,1,52,4365.333,1707.501912,1882.70602
112,1,52,4398.667,1712.222892,1869.301448
112,1,52,4432.0,1720.307648,1875.813776
112,1,52,4465.333,1717.900508,1888.480864
112,1,52,4498.667,1446.4945400000001,2100.5029839999997
112,1,52,4532.0,1434.853188,2102.250356
112,1,52,4565.333,1484.205156,2163.636688
112,1,52,4598.667,1477.927932,2180.939476
112,1,52,4632.0,1445.8563680000002,1981.441296
112,1,52,4665.333,1445.8949320000002,1977.468184
112,1,52,4698.667,1436.632108,1967.893576
112,1,52,4765.333,1404.034332,1797.275656
112,1,52,4798.667,1410.801692,1783.996112
112,1,52,4832.0,1411.5704839999999,1780.376944
112,1,52,4865.333,1416.280268,1783.449492
112,1,52,4898.667,1404.5904,1778.71836
112,1,52,4932.0,1401.551308,1778.912244
112,1,52,5065.333,1263.090376,1883.191032
112,1,52,5098.667,1248.678636,1869.636064
112,1,52,5132.0,1235.38152,1863.002332
112,1,52,5632.0,1037.010792,1551.258
112,1,52,5665.333,1051.634012,1555.311444
112,1,52,5698.667,1056.252984,1565.9267439999999
112,1,52,5732.0,1064.004348,1567.703712
112,1,52,5765.333,1067.4353,1570.120316
112,1,52,5798.667,1065.79944,1567.750824
112,1,52,5865.333,1736.580412,1500.494216
112,1,52,5898.667,1731.257336,1490.81572
112,1,52,5932.0,1609.73222,1799.621592
112,1,52,5965.333,1598.664352,1818.177076
112,1,52,5998.667,1577.71166,1818.640948
112,1,52,6032.0,1668.615716,1416.7828359999999
112,1,52,6498.667,1503.77452,408.71046
112,1,52,6532.0,1495.635028,409.6158559999999
112,1,52,6565.333,1188.9119,397.04117999999994
112,1,52,6598.667,1208.43026,407.758556
112,1,52,6632.0,1246.70814,436.45217999999977
112,1,52,6665.333,1249.9338320000002,441.05707600000005
112,1,52,6698.667,1202.3831759999998,404.0499960000002
112,1,52,6732.0,1212.37374,421.50499200000013
112,1,52,6765.333,1199.480924,50.46718800000008
112,1,52,6798.667,1206.2184280000001,65.29901199999995
112,1,52,6832.0,1244.390568,75.45768799999996
112,1,52,6865.333,878.04874,514.7529280000001
112,1,52,6898.667,896.7323759999999,516.0672320000001
112,1,52,6932.0,917.4934920000001,516.8747799999999
112,1,52,6965.333,944.249444,522.137432
112,1,52,6998.667,941.8709160000001,492.349964
112,1,52,7032.0,952.264536,487.13442399999985
112,1,52,7098.667,1739.472712,171.15725999999995
112,1,52,7132.0,1744.008336,168.00739999999996
112,1,52,7232.0,1729.872764,681.5414879999998
112,1,52,7265.333,1726.864772,693.8183920000001
112,1,52,7298.667,1810.699176,2244.667516
112,1,52,7365.333,1806.480772,2271.874092
112,1,52,7398.667,1812.930912,2285.656164
112,1,52,7465.333,1805.55648,2293.543196
112,1,52,7498.667,1816.272296,2239.408488
112,1,52,7532.0,1804.346068,2255.489384
112,1,52,7565.333,1778.345224,2255.67904
112,1,52,7598.667,1779.993524,2260.404736
112,1,52,7632.0,1778.81048,2256.707652
112,1,28,-61.333,1884.2295279999998,1134.83322
112,1,28,-28.0,1888.7999840000002,1138.8455920000001
112,1,28,5.332999999999998,1898.552944,1105.550092
112,1,28,438.667,1469.604328,1319.855332
112,1,28,505.333,1461.699952,1291.916708
112,1,28,538.6669999999999,1466.13108,1296.14048
112,1,28,572.0,1477.031008,1303.2030519999998
112,1,28,605.3330000000001,1476.391592,1300.907248
112,1,28,638.667,1481.080228,1302.1092079999999
112,1,28,672.0,1455.0719199999999,1392.277952
112,1,28,705.333,1446.9262079999999,1401.283592
112,1,28,772.0,1456.4278800000002,1268.2405119999999
112,1,28,805.333,1460.2419839999998,1261.215992
112,1,28,838.667,1477.043448,1255.2128360000002
112,1,28,872.0,1480.786644,1262.88122
112,1,28,905.333,1476.0382960000002,1275.536228
112,1,28,938.667,1493.28138,1277.279976
112,1,28,972.0,1509.885048,1291.801948
112,1,28,1005.333,1523.8763159999999,1293.5607960000002
112,1,28,1038.667,1526.4215399999998,1288.475116
112,1,28,1072.0,1539.02326,1290.2369840000001
112,1,28,1105.333,1554.2684800000002,1285.68524
112,1,28,1138.667,1573.31412,1284.3878479999998
112,1,28,1172.0,1605.174204,1305.8528000000001
112,1,28,1205.333,1608.6686,1306.529884
112,1,28,1238.667,1039.655536,1696.218604
112,1,28,1272.0,1036.050424,1620.19856
112,1,28,1305.333,1041.322496,1625.996356
112,1,28,1338.667,986.78678,1668.546948
112,1,28,1372.0,958.465876,1786.423588
112,1,28,1405.333,968.890596,1784.136844
112,1,28,1505.333,942.9370240000001,1908.701576
112,1,28,1538.667,945.7521959999999,1920.949488
112,1,28,1605.333,983.8783080000001,1748.269512
112,1,28,1638.667,983.996488,1755.043372
112,1,28,1672.0,984.426912,1755.625024
112,1,28,1705.333,984.402032,1761.595564
112,1,28,1738.667,971.5664400000001,1756.994292
112,1,28,1772.0,1455.3729680000001,1752.045116
112,1,28,1805.333,1459.18956,1755.93246
112,1,28,2038.667,783.714976,2136.41622
112,1,28,2072.0,776.6279079999999,2132.0184959999997
112,1,28,2205.333,1612.53744,1475.180576
112,1,28,2272.0,1600.386048,1627.690576
112,1,28,2305.333,1613.0736040000002,1626.506736
112,1,28,2338.667,1581.296868,1695.328912
112,1,28,2505.333,1500.4891160000002,1703.1386320000001
112,1,28,2572.0,1491.6144199999999,1621.564808
112,1,28,2605.333,1490.59434,1756.471832
112,1,28,2672.0,811.7236359999999,1713.023696
112,1,28,2705.333,806.153004,1717.2770639999999
112,1,28,2738.667,821.078516,1722.362744
112,1,28,2772.0,878.196776,1851.018972
112,1,28,2805.333,901.9509559999999,1842.641492
112,1,28,2872.0,994.687424,1404.134472
112,1,28,2905.333,976.543684,1398.0111200000001
112,1,28,3072.0,936.256744,1681.862128
112,1,28,3105.333,939.302056,1681.025588
112,1,28,3138.667,941.975412,1694.682632
112,1,28,3172.0,948.7701400000001,1689.756408
112,1,28,3205.333,947.062128,1685.4849199999999
112,1,28,3238.667,948.15436,1691.972484
112,1,28,3272.0,949.1458279999999,1696.623888
112,1,28,3305.333,948.056084,1697.913428
112,1,28,3372.0,1510.3042759999998,1655.557928
112,1,28,3472.0,1461.9599480000002,1642.7434640000001
112,1,28,3505.333,1459.3599880000002,1651.732192
112,1,28,3605.333,1416.250412,1622.878508
112,1,28,3638.667,1406.2200400000002,1625.026936
112,1,28,3672.0,1080.548304,1443.66446
112,1,28,3705.333,1081.917948,1435.817896
112,1,28,3772.0,1155.595092,1521.043504
112,1,28,4105.3330000000005,858.254212,1569.737984
112,1,28,4538.667,1392.8657,580.0549919999999
112,1,28,4572.0,1373.2814079999998,574.1037799999999
112,1,28,4605.333,1373.358536,581.426072
112,1,28,4672.0,1337.3758360000002,521.6445680000002
112,1,28,4705.333,1348.269544,518.4802120000002
112,1,28,4738.667,1336.595848,517.6781000000001
112,1,28,5005.333,1309.255216,478.5678919999998
112,1,28,5038.667,1304.4334720000002,470.86205999999993
112,1,28,5072.0,1291.6750080000002,460.9474
112,1,28,5105.333,1296.669668,459.46759999999995
112,1,28,5138.667,1295.552556,460.978204
112,1,28,5172.0,1281.474208,461.408856
112,1,28,5205.333,1295.6782,468.92442800000003
112,1,28,5238.667,1320.4984880000002,469.61480000000006
112,1,28,5272.0,1353.352528,471.88402799999994
112,1,28,5305.333,1346.083836,460.02690399999983
112,1,28,5372.0,854.7349360000001,1887.78868
112,1,28,5405.333,885.9269919999999,1835.57892
112,1,28,5438.667,902.270664,1844.879312
112,1,28,5472.0,917.6266,1844.728916
112,1,28,5505.333,922.59638,1824.505788
112,1,28,5572.0,916.3552320000001,1881.193604
112,1,28,5605.333,1013.446944,1910.055744
112,1,28,5638.667,1013.5974679999999,1911.410516
112,1,28,5672.0,1531.2358199999999,2086.5789720000002
112,1,28,5872.0,1650.3998239999999,1738.668328
112,1,28,5938.667,1610.190012,1984.888928
112,1,28,5972.0,1600.8911119999998,1984.63706
112,1,28,6005.333,1583.56468,1974.295372
112,1,28,6038.667,1588.991008,1979.318236
112,1,28,6805.333,1715.157488,1115.172416
112,1,28,6838.667,1707.555404,1472.569484
112,1,28,6872.0,1724.953988,1458.549436
112,1,28,6905.333,1663.69694,1652.5185999999999
112,1,28,6938.667,1659.1327039999999,1647.902228
112,1,28,6972.0,1694.851676,1432.124436
112,1,28,7405.333,1478.326012,486.8795359999999
112,1,28,7638.667,1698.332388,497.52261999999996
112,1,28,7672.0,1666.087908,512.310352
112,1,28,7705.333,1680.569312,521.018824
112,1,28,7738.667,1597.456428,485.9463559999999
112,1,28,7772.0,1618.118024,473.1814199999999
112,1,28,7805.333,1613.652064,458.835816
112,1,28,7838.667,1605.2339160000001,465.1512399999999
112,1,28,7872.0,1914.096724,2189.261388
112,1,28,7938.667,1972.8956279999998,2203.416732
112,1,42,-73.667,1653.637956,1832.384968
112,1,42,-40.333,1653.375472,1822.131464
112,1,42,26.333,1713.103644,1817.441404
112,1,42,59.667,1704.869608,1822.998808
112,1,42,93.0,1684.6023599999999,1816.366284
112,1,42,126.333,1683.0025759999999,1803.187608
112,1,42,159.667,1666.310584,1797.746776
112,1,42,193.0,1606.057444,1604.222156
112,1,42,226.333,1589.9974040000002,1599.695176
112,1,42,259.66700000000003,1571.0910920000001,1592.121016
112,1,42,326.33299999999997,1526.522304,1559.3799880000001
112,1,42,593.0,1246.5339800000002,1619.296788
112,1,42,626.3330000000001,1250.909128,1616.819784
112,1,42,659.667,1270.230936,1614.77766
112,1,42,693.0,1289.245476,1617.852624
112,1,42,1393.0,839.844256,474.5355880000002
112,1,42,1426.333,1038.081876,1802.92668
112,1,42,1459.667,1041.28642,1809.029496
112,1,42,1493.0,1045.57822,1807.640296
112,1,42,1526.333,1062.0898320000001,1791.914552
112,1,42,1559.667,1075.84474,1788.362428
112,1,42,1593.0,1089.112,1794.6271160000001
112,1,42,2059.667,971.7542840000001,271.80540399999995
112,1,42,2193.0,1843.937612,1947.170336
112,1,42,2226.333,1844.284688,1943.217156
112,1,42,2259.667,1841.0938279999998,1812.93798
112,1,42,2293.0,1844.3244960000002,1794.155996
112,1,42,2326.333,1822.834396,1800.290824
112,1,42,2359.667,1858.256052,1882.716892
112,1,42,2393.0,1862.403548,1876.171948
112,1,42,2459.667,1866.124352,1792.799412
112,1,42,2493.0,1867.490264,1781.592192
112,1,42,2526.333,1376.329208,2097.4847959999997
112,1,42,2559.667,1359.914628,2088.857864
112,1,42,2593.0,1371.551004,2094.8712880000003
112,1,42,2626.333,1352.308812,2100.708948
112,1,42,2659.667,1347.127552,2099.124052
112,1,42,2693.0,1351.8186759999999,1970.637548
112,1,42,2726.333,1349.23862,1946.867732
112,1,42,2759.667,1353.048992,1933.426316
112,1,42,2793.0,1355.05432,1927.948036
112,1,42,2826.333,1081.768668,1625.5349
112,1,42,2859.667,1078.809192,1617.379088
112,1,42,2893.0,1085.3600959999999,1626.7652480000002
112,1,42,2926.333,1097.225368,1634.28988
112,1,42,2959.667,1097.429384,1640.401756
112,1,42,3359.667,994.971056,284.1855919999998
112,1,42,3393.0,1001.1773720000001,273.488752
112,1,42,3426.333,981.7125040000001,323.737928
112,1,42,3459.667,1067.650512,473.0388760000001
112,1,42,3493.0,1049.898632,472.8105640000001
112,1,42,3559.667,1579.7356479999999,1756.214528
112,1,42,3593.0,1582.642876,1763.533196
112,1,42,3693.0,1621.302664,1776.609796
112,1,42,3726.333,1620.540092,1796.20114
112,1,42,3759.667,1597.6094400000002,1842.05682
112,1,42,3793.0,865.383576,1854.210508
112,1,42,3826.333,879.831392,1849.524072
112,1,42,3859.667,892.1868,1848.898932
112,1,42,3893.0,883.34196,1843.626012
112,1,42,3926.333,900.093664,1849.865332
112,1,42,3959.667,905.2488,1847.765224
112,1,42,3993.0,936.55406,1853.5841599999999
112,1,42,4026.333,935.224224,1849.01188
112,1,42,4059.667,936.668508,1852.502396
112,1,42,4093.0,938.859192,1861.461528
112,1,42,4126.3330000000005,942.876068,1876.504752
112,1,42,4159.6669999999995,953.7361880000001,1883.5184
112,1,42,4193.0,949.144584,1884.482988
112,1,42,4226.333,955.6419960000001,1875.510568
112,1,42,4259.667,956.672028,1870.865204
112,1,42,4326.333,979.203356,1792.68586
112,1,42,4359.667,968.7139480000001,1822.797676
112,1,42,4393.0,967.34306,1833.7469879999999
112,1,42,4493.0,1740.385808,1857.319296
112,1,42,4526.333,1762.894744,1859.945488
112,1,42,4559.667,1775.182976,1860.98618
112,1,42,4593.0,1779.626544,1850.723616
112,1,42,4626.333,1760.8409,1845.640352
112,1,42,4659.667,1768.704224,1857.77894
112,1,42,4693.0,1749.790448,1871.622016
112,1,42,4726.333,1728.500632,1863.247556
112,1,42,4759.667,1787.0830799999999,1741.923284
112,1,42,4793.0,1804.2565,1737.129336
112,1,42,4859.667,1775.243932,1796.704272
112,1,42,4893.0,1771.49576,1812.26754
112,1,42,4926.333,1781.37934,1816.505808
112,1,42,4959.667,1780.319452,1817.443216
112,1,42,5093.0,1600.450736,1751.490644
112,1,42,5126.333,1594.579056,1753.324992
112,1,42,5159.667,1599.528932,1756.456732
112,1,42,5193.0,1622.516808,1769.222876
112,1,42,5226.333,1623.219668,1775.5111200000001
112,1,42,5259.667,1643.7680599999999,1776.313836
112,1,42,5293.0,1669.2986720000001,1670.609608
112,1,42,5326.333,1665.59404,1660.981848
112,1,42,5359.667,1681.178872,1658.2396880000001
112,1,42,5393.0,1682.034744,1710.91634
112,1,42,5459.667,1660.727512,1734.81964
112,1,42,5493.0,1658.475872,1733.852636
112,1,42,5526.333,1659.489732,1731.848564
112,1,42,5626.333,1629.077664,1723.8208
112,1,42,5659.667,1640.834708,1718.076156
112,1,42,5693.0,1663.438188,1749.672
112,1,42,5726.333,1691.509048,1752.688376
112,1,42,5759.667,1704.169236,1739.7223079999999
112,1,42,5859.667,1290.811672,678.03406
112,1,42,6193.0,1279.1019000000001,431.3266359999998
112,1,42,6326.333,1698.1743999999999,36.03279599999996
112,1,42,6359.667,1711.0858759999999,35.83528799999999
112,1,42,6526.333,1257.50606,250.25589200000013
112,1,42,6626.333,1289.884892,257.6162360000001
112,1,42,6659.667,1280.9878039999999,272.71080000000006
112,1,42,6693.0,1279.3034280000002,264.9053080000001
112,1,42,6726.333,1200.1315359999999,254.20424000000003
112,1,42,6759.667,1192.3154840000002,252.04131599999982
112,1,42,6793.0,1199.855368,258.58626000000004
112,1,42,6826.333,1205.416048,249.848796
112,1,42,6893.0,1180.126772,276.6953880000001
112,1,42,6926.333,1178.51206,266.92991600000005
112,1,42,6959.667,1174.2327,275.78274399999987
112,1,42,6993.0,1180.348204,287.4580639999999
112,1,42,7026.333,1168.368484,285.15923999999995
112,1,42,7059.667,1165.060688,281.4989999999998
112,1,42,7093.0,1164.35534,276.747936
112,1,42,7126.333,1164.8031799999999,277.1882519999999
112,1,42,7159.667,1162.908568,284.370416
112,1,42,7193.0,1177.602696,287.81563200000005
112,1,42,7226.333,1175.9705680000002,273.2839959999999
112,1,42,7259.667,1152.4838479999999,271.7739959999999
112,1,42,7293.0,1150.2931640000002,286.52911199999994
112,1,42,7326.333,1160.1593280000002,275.34242800000015
112,1,42,7426.333,1137.555848,261.9904040000001
112,1,42,7493.0,1208.213804,311.4851839999999
112,1,42,7626.333,1175.2490480000001,287.4381320000002
112,1,42,7659.667,1174.732788,291.85035199999993
112,1,42,7726.333,1164.665096,248.41308800000002
112,1,42,7759.667,1165.0830799999999,234.40753599999994
112,1,42,7793.0,1647.171644,2008.230508
112,1,42,7826.333,1630.86156,1982.463868
112,1,42,7859.667,1624.4910360000001,1994.471992
112,1,42,7893.0,1629.127424,1909.205312
112,1,42,7926.333,1630.661276,1923.01396
112,1,42,7959.667,1631.335524,1905.261192
112,1,42,7993.0,1647.231356,1904.3769360000001
112,1,42,8026.333,1661.665488,1901.784568
112,1,42,8059.667,1665.023044,1913.843428
112,1,42,8093.0,1663.13714,1886.278076
112,1,42,8126.333,1644.249488,1887.38702
112,1,42,8159.667,1646.229936,1889.792148
112,1,42,8193.0,1629.3712480000002,1898.496996
112,1,42,8226.332999999999,1608.117508,1878.932228
112,1,42,8259.667000000001,1609.387632,1874.9114
112,1,42,8293.0,1610.543308,1885.597368
112,1,42,8326.333,1645.650232,1619.369268
112,1,42,8359.667,1637.714756,1627.36502
112,1,42,8393.0,1631.8841280000001,1631.984412
112,1,42,8426.333,1634.577388,1632.34802
112,1,42,8459.667,1632.482492,1627.288916
112,1,42,8493.0,1630.9051,1651.125172
112,1,42,8526.333,1644.734648,1659.402992
112,1,42,8559.667,1662.082228,1661.53934
112,1,42,9026.333,1224.685608,350.32782
112,1,42,9059.667,1243.798424,354.01523999999995
112,1,42,9093.0,1231.399476,326.01259200000004
112,1,42,9126.333,1170.7345719999998,273.2036639999999
112,1,42,9159.667,1171.25332,275.25726399999985
112,1,42,9193.0,1159.434076,280.97714399999995
112,1,42,9359.667,1126.173248,286.369052
112,1,42,9393.0,1111.828684,275.51034000000004
112,1,42,9426.333,1117.664288,270.42284799999993
112,1,42,9459.667,1109.440204,270.3014440000002
112,1,42,9493.0,1128.684884,287.44236
112,1,42,9826.333,1112.226764,309.938944
112,1,42,9859.667,1129.787068,314.0733240000002
112,1,42,9893.0,1129.201144,314.64168799999993
112,1,42,9926.333,1105.488016,318.46863200000007
112,1,42,9959.667,1092.096356,310.59972000000016
112,1,42,9993.0,1124.3794,308.3987440000001
112,1,42,10026.333,1123.27846,293.80852000000004
112,1,42,10159.667,1769.882292,2030.683
112,1,42,10193.0,1765.688768,2032.3651399999999
112,1,42,10259.667,1648.878412,2029.079984
112,1,42,10293.0,1642.807692,2028.437932
112,1,42,10326.333,1637.785664,2015.833056
112,1,42,10359.667,1637.577916,2028.223512
112,1,42,10393.0,1641.9692360000001,2039.971916
112,1,42,10426.333,1640.9889640000001,2051.3500679999997
112,1,42,10459.667,1646.105536,2049.619004
112,1,42,10493.0,1659.0120359999999,2048.276916
112,1,42,10526.333,1666.382736,2045.793268
112,1,42,10559.667,1666.7522040000001,2049.7778559999997
112,1,42,10593.0,1644.0603999999998,2048.9860120000003
112,1,42,10626.333,1605.90692,2045.779376
112,1,42,10659.667,1615.2618,2045.090816
112,1,42,10693.0,1615.52926,2045.480396
112,1,42,10726.333,1572.7082919999998,1969.651216
112,1,42,10759.667,1566.13002,1968.182892
112,1,42,10793.0,1561.787216,1967.116228
112,1,42,10859.667,1850.640284,2178.360396
112,1,42,10893.0,1851.0234360000002,2170.0107
112,1,42,10926.333,1581.703656,1618.5037360000001
112,1,42,11126.333,1626.013692,1613.890384
112,1,42,11159.667,1642.438224,1597.058112
112,1,42,11259.667,1321.015992,375.944064
112,1,42,11426.333,1228.823152,271.0540279999998
112,1,42,11459.667,1229.0694640000002,275.66496400000005
112,1,42,11493.0,1233.6473839999999,275.74650399999996
112,1,42,11526.333,1235.128988,281.20183199999997
112,1,42,11559.667,1249.48848,273.2900359999999
112,1,42,11593.0,1318.5939239999998,340.83294
112,1,42,11626.333,1303.828888,334.95058399999994
112,1,42,11659.667,1311.57652,331.42503599999986
112,1,42,11693.0,1322.079612,339.180396
112,1,42,11726.333,1322.824768,349.3692719999999
112,1,42,11759.667,1331.532768,351.01758799999993
112,1,42,11793.0,1311.052796,354.889228
112,1,42,11859.667,1413.04338,680.5038159999999
112,1,42,12159.667,1679.238232,1664.144392
112,1,42,12193.0,1678.6771880000001,1667.068356
112,1,42,12226.333,1676.573584,1661.203516
112,1,42,12259.667,1714.015496,1642.197448
112,1,42,12293.0,1669.9356,1675.306312
112,1,42,12326.333,1694.949952,1676.841076
112,1,42,12359.667,1688.717512,1945.67302
112,1,42,12393.0,1688.8817199999999,1941.094096
112,1,42,12426.333,1691.1569960000002,1941.29402
112,1,42,12893.0,1454.260832,238.89283999999998
112,1,42,12926.333,1447.743516,224.04410400000006
112,1,42,12959.667,1410.097588,225.2146560000001
112,1,42,12993.0,1441.5061,254.67958799999997
112,1,42,13026.333,1472.594904,290.862208
112,1,42,13059.667,1461.89526,306.307092
112,1,42,13093.0,1032.212684,346.434436
112,1,27,895.667,1121.0964840000001,1430.393372
112,1,27,1495.667,1597.966468,1316.144356
112,1,27,1695.667,935.035136,1381.821504
112,1,27,1862.333,1030.568116,1298.141532
112,1,27,1895.667,1087.399012,1486.429472
112,1,27,1929.0,1089.332188,1481.6240480000001
112,1,27,1962.333,1093.53442,1478.105144
112,1,27,1995.667,1103.658092,1474.4298039999999
112,1,27,2029.0,1106.868856,1483.379876
112,1,27,2229.0,1723.204924,1592.8887
112,1,27,2262.333,1717.861944,1585.74036
112,1,27,2362.333,1718.22146,1608.618672
112,1,27,2395.667,1706.9669920000001,1604.3949
112,1,27,2562.333,1632.380484,1578.623428
112,1,27,2595.667,1652.964952,1474.9226680000002
112,1,27,2629.0,1646.960164,1471.192968
112,1,27,2995.667,1452.90114,1650.460772
112,1,27,3495.667,938.29566,1505.717004
112,1,27,3995.667,1224.097196,1087.7556479999998
112,1,27,4562.333,1414.207764,376.7606719999999
112,1,27,4795.667,1501.601252,257.66334800000004
112,1,27,4829.0,1493.7205119999999,248.18900400000007
112,1,27,4862.333,1431.911128,162.02176000000009
112,1,27,4895.667,1415.337316,160.36740400000008
112,1,27,4929.0,1402.8736800000001,163.67792800000007
112,1,27,4995.667,1655.229032,1860.280104
112,1,27,5029.0,1669.571108,1852.015572
112,1,27,5062.333,1685.5092359999999,1857.906988
112,1,27,5095.667,1685.30522,1858.205364
112,1,27,5129.0,1674.757344,1853.489936
112,1,27,5162.333,1656.933312,1866.349096
112,1,27,5195.667,1651.217132,1853.791936
112,1,27,5229.0,1649.24788,1858.25912
112,1,27,5262.333,1652.957488,1840.585476
112,1,27,5295.667,1657.036564,1824.82772
112,1,27,5329.0,1665.555476,1816.588556
112,1,27,5362.333,1690.072228,1823.546032
112,1,27,5395.667,1708.271948,1815.62276
112,1,27,5462.333,1938.439316,2066.333496
112,1,27,5495.667,1908.7910639999998,2054.929976
112,1,27,5529.0,1896.087336,2134.2073920000003
112,1,27,5562.333,1895.430504,2129.755912
112,1,27,5595.667,1885.698692,2112.47366
112,1,27,5629.0,1798.2231,1976.231192
112,1,27,5662.333,1802.298444,1971.376844
112,1,27,5695.667,1805.3872959999999,1974.337652
112,1,27,5762.333,1934.798128,1994.839828
112,1,27,5829.0,1905.442216,1997.908148
112,1,27,5862.333,1898.8316,1992.881056
112,1,27,6095.667,1380.557564,426.7682480000001
112,1,51,-55.667,1852.78494,1400.997296
112,1,51,-22.333,1835.217172,1395.7841720000001
112,1,51,11.0,1819.328804,1395.0334
112,1,51,44.333,1808.545812,1384.845128
112,1,51,77.667,1801.5545319999999,1382.949776
112,1,51,144.333,1682.144216,1502.815388
112,1,51,177.667,1677.693184,1513.055
112,1,51,211.0,1667.207508,1506.188728
112,1,51,244.333,1668.77246,1507.044596
112,1,51,277.66700000000003,1663.45436,1524.884944
112,1,51,311.0,1655.873424,1519.1705
112,1,51,444.333,1433.7099520000002,1515.590592
112,1,51,477.667,1435.2239,1514.9877999999999
112,1,51,511.0,1427.375504,1511.290716
112,1,51,544.3330000000001,1419.0444360000001,1516.429548
112,1,51,577.6669999999999,1413.8233679999998,1512.472744
112,1,51,611.0,1422.0574040000001,1520.056568
112,1,51,644.333,1435.431648,1528.723364
112,1,51,811.0,1703.63556,-61.52105599999982
112,1,51,1077.667,2335.514164,1225.011628
112,1,51,1111.0,2307.2106759999997,1228.3734920000002
112,1,51,1144.333,2049.886788,1464.299516
112,1,51,1177.667,2024.5738760000002,1448.264524
112,1,51,1211.0,2021.476316,1466.225672
112,1,51,1244.333,2015.541192,1458.221464
112,1,51,1277.667,1994.0685079999998,1440.8721679999999
112,1,51,1311.0,1973.2215560000002,1545.0476720000001
112,1,51,1344.333,2006.520948,1570.8016280000002
112,1,51,1377.667,2013.855572,1572.513364
112,1,51,1411.0,1985.875524,1559.664472
112,1,51,1444.333,1997.2083639999998,1561.35688
112,1,51,1477.667,1695.106696,1743.709916
112,1,51,1511.0,1687.381456,1741.893084
112,1,51,1544.333,1678.807808,1735.503368
112,1,51,1577.667,1674.260988,1730.175484
112,1,51,1611.0,1687.347868,1730.400776
112,1,51,1644.333,1683.2090799999999,1751.291928
112,1,51,1677.667,1683.2090799999999,1753.188488
112,1,51,1711.0,1674.565768,1752.030016
112,1,51,1744.333,1674.70634,1755.4782519999999
112,1,51,1777.667,1684.405808,1759.718332
112,1,51,1811.0,1692.114876,1762.843428
112,1,51,1844.333,1690.136916,1759.0792999999999
112,1,51,1877.667,1675.866992,1760.274012
112,1,51,1911.0,1685.23058,1760.401456
112,1,51,1944.333,1693.14242,1699.89032
112,1,51,1977.667,1688.986216,1699.274844
112,1,51,2011.0,1686.867684,1701.801376
112,1,51,2077.667,1683.711656,1710.4681719999999
112,1,51,2111.0,1669.9380879999999,1705.237532
112,1,51,2144.333,1672.907516,1703.99752
112,1,51,2277.667,1669.358384,1685.18594
112,1,51,2311.0,1647.135568,1676.23164
112,1,51,2344.333,1744.504692,1910.654912
112,1,51,2377.667,1648.297464,1572.007816
112,1,51,2411.0,1627.362188,1573.860888
112,1,51,2444.333,1615.325244,1560.850124
112,1,51,2477.667,1616.303028,1570.538284
112,1,51,2511.0,1622.92484,1569.490344
112,1,51,2544.333,1642.11976,1569.3695440000001
112,1,51,2577.667,1644.4025,1575.6143
112,1,51,2611.0,1666.115276,1589.8680960000002
112,1,51,2644.333,1660.386656,1588.710832
112,1,51,2677.667,1661.51994,1593.255328
112,1,51,2711.0,1655.08224,1658.733156
112,1,51,2911.0,1648.987884,1631.628052
112,1,51,2944.333,1659.5009280000002,1639.930032
112,1,51,2977.667,1656.408344,1538.4097120000001
112,1,51,3044.333,1661.0472200000002,1636.498104
112,1,51,3077.667,1649.691988,1639.454684
112,1,51,3111.0,1644.9200039999998,1646.452628
112,1,51,3144.333,1657.70708,1656.0332760000001
112,1,51,3177.667,1655.681848,1646.5939640000001
112,1,51,3444.333,1847.938316,125.25325999999995
112,1,51,3744.333,1543.174488,-49.733995999999934
112,1,51,3777.667,1536.499184,-63.734715999999935
112,1,51,3811.0,1520.628232,-79.94668000000001
112,1,51,3844.333,1520.9790400000002,-75.97054800000001
112,1,51,3877.667,1567.285696,-78.46083999999996
112,1,51,3911.0,1489.3030680000002,-82.58978400000001
112,1,51,3944.333,1503.78074,-32.95125200000007
112,1,51,3977.667,1533.305836,-46.12872000000016
112,1,51,4011.0,1514.088524,-40.27354400000013
112,1,51,4044.333,1536.841284,-42.606191999999965
112,1,51,4077.667,1550.495428,-34.44373600000017
112,1,51,4111.0,1536.587508,-36.89114399999994
112,1,51,4144.3330000000005,1561.9116159999999,-43.070063999999775
112,1,51,4177.6669999999995,626.20716,-29.69267200000013
112,1,51,4211.0,628.767312,-37.41481200000021
112,1,51,4344.333,1510.041792,713.9998439999999
112,1,51,4377.667,1519.985084,716.791532
112,1,51,4411.0,1512.98012,712.1812
112,1,51,4444.333,1511.925208,712.4868240000001
112,1,51,4477.667,1540.542184,1845.450092
112,1,51,4511.0,1537.0428120000001,1844.041564
112,1,51,4544.333,1536.952,1820.000552
112,1,51,4577.667,1542.582344,1822.720364
112,1,51,4611.0,1512.522328,1809.631684
112,1,51,4644.333,1509.138648,1807.9954480000001
112,1,51,4677.667,1505.605688,1815.230764
112,1,51,4711.0,1530.0490439999999,1826.032096
112,1,51,4977.667,587.993968,25.425951999999825
112,1,51,5011.0,583.131172,26.636972000000014
112,1,51,6311.0,838.672408,1661.47894
112,1,51,6411.0,878.389596,1669.82018
112,1,51,6977.667,1225.782816,347.458216
112,1,51,7311.0,952.9960080000001,1787.424416
112,1,51,7344.333,976.199096,1785.867908
112,1,51,7377.667,977.970552,1789.084812
112,1,51,7411.0,1509.8862920000001,1599.637796
112,1,51,7444.333,1508.440764,1611.414588
112,1,51,7477.667,1511.996116,1607.033776
112,1,51,7511.0,1510.020644,1615.102612
112,1,51,7544.333,1506.456584,1614.16762
112,1,51,7577.667,1502.205836,1608.055744
112,1,51,7611.0,1505.855732,1534.138828
112,1,51,7711.0,1532.31188,1531.017356
112,1,51,7744.333,1528.224096,1529.668624
112,1,51,7811.0,1515.7691679999998,1542.888976
112,1,51,7844.333,1518.21736,1540.8239
112,1,51,7911.0,1515.601228,1559.691652
112,1,51,7944.333,1516.2331800000002,1558.296412
112,1,51,7977.667,1526.5509160000001,1561.807464
112,1,51,8477.667,840.920316,-121.59127199999989
112,1,51,8511.0,874.6190320000001,-132.2234840000001
112,1,51,8544.333,887.931076,-213.55510400000003
112,1,51,8577.667,876.298432,-228.01728000000003
112,1,51,8611.0,876.273552,-234.62806
112,1,51,8644.333,896.23602,-246.84094000000005
112,1,51,8677.667,902.2184159999999,-239.84662000000026
112,1,51,9111.0,1749.498108,2057.0530360000002
112,1,51,9144.333,1757.7794159999999,2043.361564
112,1,51,9177.667,1789.673088,2044.573188
112,1,51,9244.333,1838.2239200000001,1939.906028
112,1,51,9277.667,1844.713868,1951.749864
112,1,51,9311.0,1825.408232,1955.32796
112,1,51,9377.667,2109.92596,-170.0308640000003
112,1,51,9411.0,2087.215496,-151.17519200000015
112,1,51,9444.333,1999.037044,-137.20467199999985
112,1,51,9477.667,2010.780404,-134.06568400000015
112,1,51,9511.0,2034.6428119999998,-108.88190400000008
112,1,51,9544.333,2137.12602,-276.96846000000005
112,1,51,9677.667,1672.842828,-52.33663200000001
112,1,51,9711.0,1665.733368,-57.355268000000024
112,1,25,-63.333,1103.979044,1857.432244
112,1,25,-30.0,1087.6465680000001,1833.771752
112,1,25,3.3329999999999984,1083.216684,1825.139988
112,1,25,36.667,1435.60332,1578.228412
112,1,25,70.0,1465.3087959999998,1569.805632
112,1,25,103.333,1494.437056,1599.942816
112,1,25,136.667,1501.0252799999998,1608.418748
112,1,25,170.0,1511.284548,1663.00102
112,1,25,203.333,1502.7196079999999,1662.581844
112,1,25,236.667,1495.5429720000002,1673.639272
112,1,25,470.0,1455.441388,1685.577936
112,1,25,703.333,1698.538892,1412.4008159999998
112,1,25,770.0,1789.544956,1730.4557399999999
112,1,25,1403.333,1640.144288,-161.25051600000006
112,1,25,1436.667,1646.605624,-185.29213200000004
112,1,25,1470.0,1640.9031280000002,-173.01764400000002
112,1,25,1503.333,1628.6957559999998,-184.43626399999994
112,1,25,1536.667,1643.4408879999999,-173.13421599999992
112,1,25,1636.667,1514.240292,1653.2705799999999
112,1,25,1670.0,1512.3531440000002,1653.020524
112,1,25,1703.333,1507.215424,1650.310376
112,1,25,1736.667,1498.912968,1644.2969520000001
112,1,25,1770.0,1500.0126639999999,1644.934172
112,1,25,1803.333,1493.976776,1645.584076
112,1,25,1836.667,1498.427808,1639.045172
112,1,25,1870.0,1519.8594400000002,1600.862104
112,1,25,1903.333,1515.612424,1602.816044
112,1,25,1936.667,1510.5306839999998,1610.768912
112,1,25,1970.0,1509.663616,1608.406668
112,1,25,2003.333,1576.636844,1528.339824
112,1,25,2036.667,1580.501952,1527.905548
112,1,25,2070.0,1563.715416,1521.398052
112,1,25,2103.333,1563.53628,1507.082648
112,1,25,2136.667,1566.044184,1507.81228
112,1,25,2170.0,1568.815816,1503.917688
112,1,25,2203.333,1564.255312,1513.49894
112,1,25,2236.667,1554.396612,1516.4216959999999
112,1,25,2270.0,1525.48232,1468.613888
112,1,25,2303.333,1537.613808,1474.852
112,1,25,2403.333,879.818952,1814.485428
112,1,25,2436.667,894.209544,1799.081012
112,1,25,2470.0,929.346324,1547.612256
112,1,25,2503.333,926.8122960000001,1545.670396
112,1,25,2536.667,925.116724,1552.072192
112,1,25,2570.0,928.7653760000001,1677.098984
112,1,25,2603.333,933.1181320000001,1684.6061
112,1,25,2636.667,934.99906,1690.255312
112,1,25,2670.0,1570.96296,1647.960212
112,1,25,2736.667,1599.895912,1714.628524
112,1,25,2770.0,1627.9170119999999,1727.201388
112,1,25,2803.333,1631.208636,1713.51958
112,1,25,2836.667,1632.187664,1711.644764
112,1,25,2870.0,1631.387772,1716.110136
112,1,25,2903.333,1637.439832,1730.955248
112,1,25,2936.667,1631.381552,1733.371852
112,1,25,3003.333,1594.445948,1805.881448
112,1,25,3236.667,1677.755384,-154.01882400000022
112,1,25,3270.0,1684.951924,-160.57886800000006
112,1,25,3303.333,1703.252408,-146.85779999999977
112,1,25,3403.333,1624.049416,-222.19109600000002
112,1,25,3436.667,1599.4617560000002,-225.21230400000013
112,1,25,3470.0,1560.218532,-230.89534000000003
112,1,25,3503.333,1569.0173439999999,-237.43967999999995
112,1,25,3536.667,1543.2031,-228.23532400000022
112,1,25,3570.0,1720.913476,-164.76156800000035
112,1,25,3603.333,1715.529444,-152.95216000000028
112,1,25,3703.333,1788.444016,-124.40168400000016
112,1,25,3903.333,1740.523892,-215.75789200000008
112,1,25,4170.0,1488.9435520000002,1627.5395760000001
112,1,25,4203.3330000000005,1492.36704,1623.103196
112,1,25,4536.667,1847.6074119999998,-101.21472800000015
112,1,25,4570.0,1876.432136,-106.635628
112,1,25,4603.333,1859.2723999999998,-80.46551599999998
112,1,25,4636.667,1664.2604720000002,-70.81359599999996
112,1,25,4936.667,1248.084004,2211.091156
112,1,25,4970.0,1249.85546,2190.245908
112,1,25,5003.333,1255.450972,2157.8268120000002
112,1,25,5836.667,1279.1205599999998,1800.681008
112,1,25,5870.0,1270.697436,1793.512132
112,1,25,5903.333,1250.404064,1790.350796
112,1,25,5936.667,1250.285884,1782.093512
112,1,25,5970.0,1236.091844,1766.666748
112,1,25,6003.333,1241.612716,1763.366492
112,1,25,6036.667,911.093112,1802.179532
112,1,25,6070.0,907.689528,1801.898068
112,1,25,6170.0,914.425788,1807.527952
112,1,25,6203.333,909.5642359999999,1819.099384
112,1,25,6236.667,920.831144,1811.145912
112,1,25,6270.0,934.4454800000001,1801.81532
112,1,25,6336.667,1562.49132,1690.351952
112,1,25,6370.0,1575.1465320000002,1703.838064
112,1,25,6403.333,1565.255488,1712.717468
112,1,25,6436.667,1570.609664,1722.260668
112,1,25,6470.0,1576.286036,1723.975424
112,1,25,6536.667,1577.0237280000001,1658.0566760000002
112,1,25,6570.0,1576.3320640000002,1650.441444
112,1,25,6603.333,1631.653988,1817.074172
112,1,25,6636.667,1643.453328,1823.732668
112,1,25,6670.0,1668.099456,1819.064956
112,1,25,6703.333,1666.3926880000001,1828.238508
112,1,25,6736.667,1685.430864,1662.944244
112,1,25,6770.0,1671.2418,1644.463656
112,1,25,6803.333,1601.9945400000001,1804.909612
112,1,25,6836.667,1589.9476439999999,1803.010636
112,1,25,6870.0,1592.470476,1795.362184
112,1,25,6903.333,1562.925476,1584.366864
112,1,25,6936.667,1558.6809480000002,1580.571932
112,1,25,6970.0,1189.70806,1642.429384
112,1,25,7003.333,1176.02406,1654.3360360000001
112,1,25,7036.667,1153.469096,1650.468624
112,1,25,7070.0,1143.971156,1643.956296
112,1,25,7103.333,1141.816548,1643.267132
112,1,25,7136.667,1138.434112,1642.536292
112,1,25,7170.0,1149.473368,1647.425068
112,1,25,7203.333,1134.3935999999999,1635.8318920000002
112,1,25,7236.667,1118.214136,1636.7958760000001
112,1,25,7270.0,1118.5761400000001,1642.699372
112,1,25,7303.333,1130.9091560000002,1666.914336
112,1,25,7336.667,1134.6461319999999,1666.8944040000001
112,1,25,7370.0,1139.553712,1674.265016
112,1,25,7403.333,1149.9597720000002,1667.457332
112,1,25,7436.667,1165.951392,1670.088356
112,1,25,7470.0,1163.166076,1656.6904279999999
112,1,25,7503.333,1159.619432,1637.060428
112,1,25,7536.667,1166.058376,1634.822004
112,1,25,7570.0,1178.479716,1641.48956
112,1,25,7603.333,1181.50388,1648.108192
112,1,25,7636.667,1196.178104,1659.400576
112,1,25,7670.0,1197.6248759999999,1665.25696
112,1,25,7703.333,1203.008908,1665.90626
112,1,25,7736.667,1217.354716,1666.767564
112,1,25,7770.0,1213.526928,1664.324988
112,1,25,7803.333,1210.847352,1656.375744
112,1,25,7836.667,1143.216048,1638.17058
112,1,25,7870.0,1159.139248,1647.814044
112,1,25,7903.333,1609.462272,1745.582316
112,1,25,7936.667,1615.082664,1735.7546320000001
112,1,25,7970.0,1610.14274,1734.312884
112,1,25,8003.333,1608.6773079999998,1729.24472
112,1,25,8036.667,1589.0357920000001,1711.526984
112,1,25,8070.0,1572.8302039999999,1697.340232
112,1,25,8103.333,1561.034596,1677.625068
112,1,25,8136.667,1567.26206,1661.459612
112,1,25,8170.0,1562.837152,1679.328952
112,1,25,8303.332999999999,1009.294472,1504.083184
112,1,25,8336.667,1012.4442799999999,1300.3545880000001
112,1,25,8370.0,1011.9218000000001,1297.268148
112,1,25,8403.333,951.3651239999999,1721.560632
112,1,25,8436.667,996.261084,1655.780804
112,1,25,8470.0,998.13828,1657.969096
112,1,25,8503.333,988.04322,1665.183272
112,1,25,8536.667,996.98758,1668.385076
112,1,25,8570.0,1245.64452,1670.720744
112,1,25,8603.333,1244.575924,1669.87152
112,1,25,8636.667,1238.5910399999998,1671.759624
112,1,25,8670.0,1252.14442,1667.791948
112,1,25,8703.333,1273.451652,1662.06784
112,1,25,8736.667,1277.122696,1658.201636
112,1,25,8903.333,2065.261384,24.16117599999984
112,1,25,9036.667,1992.76604,-78.26695599999994
112,1,25,9070.0,2018.669852,-52.27019199999995
112,1,25,9103.333,2031.488028,-85.24375999999984
112,1,25,9136.667,1990.6649240000002,-84.53889200000003
112,1,25,9170.0,2006.4214279999999,-37.86720800000012
112,1,25,9703.333,1517.055464,208.84384
112,1,25,10036.667,1256.459856,1628.726436
112,1,25,10070.0,1267.664564,1630.231604
112,1,25,10103.333,1268.796604,1640.651208
112,1,25,10136.667,1273.452896,1603.952772
112,1,25,10170.0,1278.325644,1596.057888
112,1,25,10203.333,1252.077244,1598.517376
112,1,25,10336.667,2127.4166,100.19028000000003
112,1,25,10370.0,2132.47346,92.79188399999998
112,1,25,10603.333,2182.070496,-75.79840799999988
112,1,25,10736.667,2232.283312,-35.66985599999998
112,1,25,10770.0,2236.841328,4.7552599999999074
112,1,25,10803.333,2262.733944,-17.497911999999815
112,1,25,10836.667,2241.7713000000003,-46.24408399999993
112,1,25,10870.0,2238.886464,-53.84482000000003
112,1,25,10903.333,2189.046848,-80.44135600000004
112,1,25,10936.667,2193.586204,-81.87827199999992
112,1,25,10970.0,2159.243096,-68.65187999999989
112,1,25,11003.333,2147.6042319999997,-66.78733199999988
112,1,25,11036.667,2159.367496,-52.79567199999997
112,1,25,11103.333,1844.809656,2271.315392
112,1,25,11136.667,1835.992184,2277.935232
112,1,25,11203.333,1784.479388,2175.41348
112,1,25,11336.667,2068.358944,-89.80577199999993
112,1,25,11370.0,2135.420496,-77.62490400000002
112,1,38,-78.667,1293.111828,1480.486716
112,1,38,-45.333,1290.270532,1477.674492
112,1,38,54.667,1268.796604,1528.011852
112,1,38,88.0,1279.230032,1530.058808
112,1,38,254.667,1598.683012,1508.54614
112,1,38,288.0,1599.489124,1511.5299
112,1,38,321.33299999999997,1582.2423079999999,1524.407784
112,1,38,354.66700000000003,1596.237308,1446.4791
112,1,38,454.667,1647.0771,1520.427424
112,1,38,488.0,1659.487244,1524.625224
112,1,38,521.3330000000001,1550.494184,1450.452212
112,1,38,554.6669999999999,1550.7914999999998,1448.811144
112,1,38,588.0,1560.08418,1445.9795920000001
112,1,38,621.3330000000001,1555.446548,1435.964668
112,1,38,654.667,1056.1173880000001,1526.284412
112,1,38,688.0,1048.9594120000002,1517.752912
112,1,38,721.333,1042.622476,1513.490484
112,1,38,754.667,1045.420232,1519.36982
112,1,38,788.0,1057.761956,1524.6989119999998
112,1,38,1088.0,1046.1330440000002,958.094968
112,1,38,1121.333,1046.189024,951.483584
112,1,38,1154.667,1618.764904,-187.12285599999996
112,1,38,1188.0,1620.195504,-183.85340399999995
112,1,38,1388.0,1791.476888,-109.67254000000003
112,1,38,1421.333,1763.775496,-118.82736799999998
112,1,38,1454.667,1741.617368,-126.68601199999989
112,1,38,1488.0,1735.741956,-124.79005600000005
112,1,38,1588.0,2040.4684639999998,1224.439036
112,1,38,1621.333,2048.15514,1233.8614360000001
112,1,38,1654.667,2245.205984,1132.781432
112,1,38,1688.0,2250.1061,1144.3806479999998
112,1,38,1721.333,1612.92308,1113.8194560000002
112,1,38,1754.667,1617.497268,1122.7985199999998
112,1,38,1788.0,1608.029184,1118.8749360000002
112,1,38,1821.333,1620.516456,1120.099244
112,1,38,2154.667,1518.529604,-224.56421200000023
112,1,38,2188.0,1513.426716,-212.49870800000008
112,1,38,2221.333,1517.53316,-320.8273159999999
112,1,38,2254.667,1513.243848,-297.2870200000002
112,1,38,2321.333,1707.24316,-197.5176959999999
112,1,38,2354.667,1702.02458,-204.02458799999977
112,1,38,2388.0,1694.886508,-193.79705599999988
112,1,38,2421.333,1649.175728,1620.732496
112,1,38,2454.667,1634.971736,1618.040468
112,1,38,2788.0,1648.65076,1678.994336
112,1,38,2821.333,1652.352904,1666.149672
112,1,38,2854.667,1650.583936,1620.493916
112,1,38,2888.0,1666.7634,1635.287688
112,1,38,2921.333,1663.8574159999998,1644.547008
112,1,38,2954.667,1657.0913,1640.517724
112,1,38,3021.333,1639.259804,1608.81618
112,1,38,3054.667,1651.23828,1611.615116
112,1,38,3088.0,1661.292288,1605.167416
112,1,38,3221.333,1299.9264600000001,1575.597992
112,1,38,3254.667,1289.1807880000001,1573.1970919999999
112,1,38,3288.0,1276.717152,1582.4141319999999
112,1,38,3321.333,1274.054992,1592.818636
112,1,38,3354.667,1272.304684,1599.7670520000001
112,1,38,3388.0,1287.323496,1619.291352
112,1,38,3421.333,1292.575664,1607.657104
112,1,38,3454.667,1300.813432,1591.483796
112,1,38,3488.0,1322.413004,1540.1709759999999
112,1,38,3621.333,1639.4352079999999,-38.171624000000065
112,1,38,3688.0,1719.031304,-92.82516799999985
112,1,38,3721.333,1715.59662,-101.50827200000003
112,1,38,4088.0,874.635204,1652.739664
112,1,38,4254.667,989.383008,1623.86786
112,1,38,4288.0,995.0656,1612.318172
112,1,38,4388.0,1254.7381599999999,1662.7123080000001
112,1,38,4454.667,1294.716588,1663.443148
112,1,38,4488.0,1299.661488,1675.798572
112,1,38,4554.667,1300.987592,1645.48502
112,1,38,4588.0,1305.4473320000002,1635.069644
112,1,38,4621.333,1274.017672,1584.162108
112,1,38,4654.667,1279.706484,1583.938024
112,1,38,4688.0,1270.252084,1582.9227
112,1,38,4721.333,1259.926884,1590.494444
112,1,38,4788.0,1817.241372,1702.994276
112,1,38,4821.333,1805.723176,1703.0281
112,1,38,4854.667,1804.170664,1689.140328
112,1,38,4921.333,1827.054044,1669.02592
112,1,38,4954.667,1839.423136,1663.213628
112,1,38,5021.333,1787.547092,1635.21702
112,1,38,5054.667,1784.922252,1637.356388
112,1,38,5088.0,1841.258036,1626.086352
112,1,38,5121.333,1839.3547159999998,1696.097804
112,1,38,5154.667,1824.853408,1706.205744
112,1,38,5188.0,1507.409488,1715.064612
112,1,38,5221.333,1507.079828,1702.389068
112,1,38,5254.667,1494.6485360000001,1696.093576
112,1,38,5288.0,1497.50476,1710.093692
112,1,38,5321.333,1499.7986959999998,1712.104408
112,1,38,5354.667,1497.51098,1722.327108
112,1,38,5388.0,1487.754288,1699.223504
112,1,38,5421.333,1476.417716,1697.546196
112,1,38,5454.667,1484.646776,1614.47868
112,1,38,5488.0,1471.434252,1611.386804
112,1,38,5521.333,1464.207856,1605.368548
112,1,38,5554.667,1416.046396,1649.889992
112,1,38,5588.0,1415.973,1656.337088
112,1,38,5621.333,1368.37134,1604.112832
112,1,38,5654.667,1354.55672,1595.3198
112,1,38,5888.0,1844.6864999999998,-5.587635999999975
112,1,38,5921.333,1818.383364,-3.5841679999998632
112,1,38,5954.667,1819.641048,-51.93436799999995
112,1,38,5988.0,1936.9191480000002,-279.9353080000001
112,1,38,6021.333,1899.257048,-266.77837599999975
112,1,38,6054.667,1910.788928,-251.62582799999973
112,1,38,6088.0,1871.634028,-77.49866799999995
112,1,38,6788.0,2160.657524,-66.8658519999999
112,1,38,6821.333,2185.531304,-41.56429200000002
112,1,38,6854.667,2185.6768519999996,-48.76095200000009
112,1,38,6888.0,2180.3201879999997,-58.769231999999874
112,1,38,6921.333,2166.48442,-70.82688400000006
112,1,38,6954.667,2141.689012,-53.16773599999988
112,1,38,6988.0,2125.452324,-65.99669599999993
112,1,38,7154.667,1630.6363959999999,1980.576972
112,1,38,7188.0,1628.29892,1985.997872
112,1,38,7221.333,1631.579348,1993.573844
112,1,38,7254.667,1638.432544,1993.57324
112,1,38,7288.0,1637.674948,1971.932524
112,1,38,7321.333,1634.670688,1964.684524
112,1,38,7354.667,1626.816072,1965.484824
112,1,38,7388.0,1632.078192,1974.434896
112,1,38,7421.333,1643.2518,1977.192156
112,1,38,7454.667,1612.41304,1958.81908
112,1,38,7488.0,1605.84472,1952.482516
112,1,38,7621.333,2132.631448,-48.05910400000016
112,1,38,7654.667,2192.5064119999997,-33.08896400000003
112,1,38,7688.0,2197.720016,-24.63356799999997
112,1,38,7754.667,2200.01022,-405.35832400000027
112,1,38,7788.0,2167.0118759999996,-385.75792
112,1,20,-54.0,1776.163248,1502.688548
112,1,20,-20.667,1770.025352,1501.215392
112,1,20,12.667000000000002,1780.453804,1432.082156
112,1,20,46.0,1772.143884,1433.6724880000002
112,1,20,79.333,1764.873948,1446.730364
112,1,20,112.667,1762.98058,1438.0375960000001
112,1,20,212.667,1924.313696,1847.805692
112,1,20,246.0,1941.210948,1849.56152
112,1,20,279.33299999999997,1963.111568,1867.259928
112,1,20,312.66700000000003,1966.0735320000001,1863.265676
112,1,20,346.0,1439.305464,1726.202372
112,1,20,479.333,1385.983892,1704.194424
112,1,20,512.6669999999999,1369.987296,1694.2900319999999
112,1,20,546.0,1324.2839800000002,1658.898652
112,1,20,579.3330000000001,1049.169648,1619.869984
112,1,20,612.6669999999999,1045.328176,1628.99884
112,1,20,646.0,1044.640244,1630.688228
112,1,20,679.333,1080.071852,1614.011788
112,1,20,812.667,1061.347164,1603.6084919999998
112,1,20,846.0,1070.802808,1598.804276
112,1,20,879.333,1232.827588,1556.09906
112,1,20,1046.0,879.470632,264.95423200000005
112,1,20,1079.333,905.5821920000001,284.1886119999999
112,1,20,1112.667,912.640648,293.4050480000001
112,1,20,1146.0,925.837,292.636156
112,1,20,1179.333,941.117052,296.91247599999997
112,1,20,1212.667,947.013612,306.9557880000002
112,1,20,1279.333,1378.427836,-274.135096
112,1,20,1312.667,1389.990816,-272.58644000000004
112,1,20,1512.667,1608.722092,-214.7510239999997
112,1,20,1579.333,1612.644424,-164.53567199999998
112,1,20,1746.0,1339.316476,1521.647504
112,1,20,1879.333,1282.5166800000002,1517.176696
112,1,20,1912.667,1288.838688,1524.2851719999999
112,1,20,1979.333,1339.918572,1589.593276
112,1,20,2146.0,1757.082776,1697.1089
112,1,20,2179.333,1722.23336,1732.03822
112,1,20,2212.667,1715.356528,1742.009052
112,1,20,2246.0,1711.9666280000001,1729.574504
112,1,20,2346.0,1771.154904,1728.606896
112,1,20,2379.333,1772.199864,1721.015824
112,1,20,2412.667,1732.619516,1722.004572
112,1,20,2446.0,1737.034472,1730.12354
112,1,20,2479.333,1729.307988,1730.359704
112,1,20,2512.667,1722.473452,1731.551396
112,1,20,2546.0,1722.8777519999999,1728.004708
112,1,20,2579.333,1715.191076,1730.251588
112,1,20,2612.667,1720.828884,1725.212416
112,1,20,2679.333,1711.231424,1766.541116
112,1,20,2746.0,1685.5565080000001,1791.762948
112,1,20,2779.333,1685.284072,1793.865472
112,1,20,2812.667,1680.961172,1792.662304
112,1,20,3212.667,1925.4855440000001,1661.16788
112,1,20,3246.0,1946.919664,1660.72696
112,1,20,3279.333,1961.524224,1672.364832
112,1,20,3312.667,1964.86934,1668.252196
112,1,20,3346.0,1964.9850319999998,1673.660412
112,1,20,3412.667,1956.418848,1322.3770319999999
112,1,20,3779.333,988.8456000000001,1761.030824
112,1,20,4112.6669999999995,1990.65746,275.65348800000015
112,1,20,4146.0,2002.342352,292.70742800000016
112,1,20,4246.0,1805.673416,-82.61515200000008
112,1,20,4279.333,1791.30646,-115.08256800000004
112,1,20,4312.667,1787.11418,-121.37745600000017
112,1,20,4346.0,1764.16238,-141.92191200000025
112,1,20,4412.667,1651.3875600000001,-52.57943999999998
112,1,20,4446.0,1685.679664,-55.66285999999991
112,1,20,4479.333,1680.0704680000001,-55.74802399999999
112,1,20,4512.667,1430.42828,1807.904848
112,1,20,4679.333,1384.198752,1806.609872
112,1,20,4712.667,1382.877624,1803.507728
112,1,20,4746.0,1382.340216,1801.80022
112,1,20,4812.667,1408.293788,1814.693204
112,1,20,4946.0,1728.0826479999998,1768.9679879999999
112,1,20,5412.667,1960.7479680000001,294.80451600000015
112,1,20,5446.0,1960.873612,300.89344000000006
112,1,20,5479.333,1945.787624,298.4164360000002
112,1,20,5512.667,1932.87366,293.3398159999999
112,1,20,5546.0,1914.28208,293.058352
112,1,20,5579.333,1913.171188,294.90236400000003
112,1,20,5646.0,1856.826696,49.614340000000084
112,1,20,5679.333,1896.201784,-56.50242000000003
112,1,20,5746.0,1867.2165839999998,-364.2295479999998
112,1,20,5979.333,1872.737456,-26.669652000000042
112,1,20,6012.667,2164.71794,-47.275112000000036
112,1,20,6046.0,2215.2653920000002,-30.01279199999999
112,1,20,6079.333,2217.9673599999996,-24.97180800000001
112,1,20,6112.667,2162.159032,-39.79517600000008
112,1,20,6146.0,2121.3035840000002,-21.881744000000026
112,1,20,6246.0,1984.749704,8.72474800000009
112,1,20,6312.667,1865.108004,15.786112000000003
112,1,20,6346.0,1894.105644,15.450288
112,1,20,6379.333,1925.0849759999999,5.139404000000013
112,1,20,6612.667,2067.432164,-19.481448
112,1,20,6646.0,2074.2667,-26.854476000000204
112,1,20,6679.333,1981.474252,15.829600000000028
112,1,20,6712.667,1982.0589320000001,-4.21293199999991
112,1,20,6746.0,2009.282628,-15.003995999999916
112,1,20,6779.333,1991.458596,-0.8860999999999422
112,1,20,6812.667,1939.0774880000001,-36.23097199999984
112,1,20,6846.0,1952.812492,-24.361163999999917
112,1,20,6912.667,1977.597948,-230.23033600000008
112,1,20,6946.0,1980.446708,-217.3711760000001
112,1,20,6979.333,1972.388076,-219.7612039999999
112,1,20,7079.333,1659.574324,1912.382956
112,1,20,7112.667,1669.632064,1901.1775480000001
112,1,20,7146.0,1675.093224,1903.39
112,1,20,7179.333,1674.9439439999999,1900.483552
112,1,20,7212.667,1645.583056,1886.36022
112,1,20,7246.0,1632.886792,1895.487264
112,1,20,7279.333,1630.145016,1902.346892
112,1,20,7312.667,1712.843648,1811.344024
112,1,20,7346.0,1728.970864,1537.059168
112,1,20,7379.333,1723.487312,1534.52116
112,1,20,7412.667,1711.990264,1536.47208
112,1,20,7446.0,1726.652048,1532.7236560000001
112,1,20,7479.333,1727.491748,1527.829444
112,1,20,7512.667,1726.262676,1528.919664
112,1,20,7546.0,1738.440192,1543.325668
112,1,20,7579.333,1758.91892,1572.588864
112,1,20,7612.667,1766.061968,1572.692148
112,1,20,8012.667,1959.4181320000002,-325.6375720000001
112,1,20,8179.333,1963.1202759999999,-194.73265200000014
112,1,20,8246.0,1965.307228,-327.81438800000024
112,1,20,8279.332999999999,1958.669244,-342.09536400000025
112,1,20,8312.667,1932.053864,-318.1467640000001
112,1,20,8512.667,1885.090376,-178.64752799999997
112,1,20,8546.0,1846.3285799999999,-181.55639199999996
112,1,20,8579.333,1858.527244,-186.85286799999994
112,1,20,8612.667,1836.915232,-191.86425599999984
112,1,20,8646.0,1949.906508,-192.73582799999986
112,1,20,8746.0,2029.73772,-224.1643640000002
112,1,20,8779.333,2034.1626279999998,-215.78748799999994
112,1,20,8812.667,1942.069308,-181.95986399999992
112,1,20,8846.0,1914.0183519999998,-173.66392399999995
112,1,20,8879.333,1906.365264,-165.84393599999976
112,1,20,8912.667,1895.756432,-161.95236399999976
112,1,20,8946.0,1891.46712,-183.36295599999994
112,1,20,8979.333,1807.959888,1586.311744
112,1,20,9046.0,1837.93158,1438.987084
112,1,20,9079.333,1838.54736,1444.791524
112,1,20,9112.667,1835.218416,1449.314276
112,1,20,9312.667,1767.777444,1599.011448
112,1,20,9346.0,1773.720032,1586.39268
112,1,20,9379.333,1747.348476,1588.3454120000001
112,1,20,9412.667,1747.338524,1589.05934
112,1,20,9446.0,1736.460988,1591.045292
112,1,20,9479.333,903.6714079999999,1742.195084
112,1,20,9512.667,896.662712,1742.038044
112,1,20,9546.0,901.295368,1740.561868
112,1,20,9746.0,1780.795904,-262.4223280000001
112,1,20,9779.333,1773.934,-248.19752400000016
112,1,20,9812.667,1754.395736,-238.70445599999994
112,1,20,9846.0,1741.132208,-242.56824400000005
112,1,20,9879.333,2084.432668,-72.40573999999992
112,1,20,9912.667,2086.0137919999997,-74.29444799999987
112,1,20,9946.0,2148.907944,-71.76670799999988
112,1,20,9979.333,1880.7649880000001,-551.1723799999995
112,1,20,10012.667,1876.970788,-556.8989039999997
112,1,20,10146.0,1300.935344,1452.0075120000001
112,1,20,10212.667,1297.324012,1589.594484
112,1,20,10246.0,1300.914196,1588.834048
112,1,20,10312.667,1312.7135360000002,1355.1935600000002
112,1,20,10346.0,1307.8494959999998,1350.266732
112,1,20,10879.333,2095.2542240000002,-145.1508960000001
112,1,20,10912.667,2104.0356199999997,-153.01014399999985
112,1,20,10946.0,2109.175828,-169.00164799999993
112,1,20,10979.333,2049.3755039999996,-101.90570399999979
112,1,20,11012.667,2024.335028,-153.65340400000014
112,1,20,11046.0,1990.304164,-128.85618399999976
112,1,20,11079.333,2017.570156,-139.29149199999983
112,1,20,11112.667,2047.04176,-147.66474400000016
112,1,20,11146.0,2030.3224,-127.03452000000016
112,1,20,11179.333,2052.66464,-109.00149600000009
112,1,20,11279.333,2095.8762239999996,-92.19882000000007
112,1,20,11312.667,2090.953716,-124.73086399999988
112,1,20,11346.0,2080.968128,-114.64466799999991
112,1,20,11379.333,1957.1552960000001,2213.40508
112,1,20,11412.667,1962.0143600000001,2206.399284
112,1,20,11446.0,1965.021108,2209.053864
112,1,20,11646.0,2004.934848,233.60240399999998
112,1,31,-13.667000000000002,1347.057888,1285.045
112,1,31,153.0,959.131416,1726.4137719999999
112,1,31,519.6669999999999,1669.48776,1429.529652
112,1,31,553.0,1671.275388,1429.465628
112,1,31,586.3330000000001,1628.364852,1377.543372
112,1,31,619.6669999999999,1632.6367480000001,1365.248952
112,1,31,653.0,1637.664996,1292.826936
112,1,31,686.333,1630.417452,1289.074284
112,1,31,719.667,1627.628404,1305.649856
112,1,31,1186.333,1313.2098919999999,1512.771724
112,1,31,1219.667,1306.030768,1427.3172
112,1,31,1253.0,1297.16478,1429.825008
112,1,31,1286.333,1292.9998679999999,1427.239284
112,1,31,1619.667,1669.034944,1944.10866
112,1,31,1653.0,1659.930108,1928.510964
112,1,31,1686.333,1648.132012,1922.057224
112,1,31,1719.667,1657.459524,1925.752496
112,1,31,1819.667,1644.671204,1781.380188
112,1,31,1853.0,1640.22888,1784.28422
112,1,31,1886.333,1639.344396,1851.897188
112,1,31,1919.667,1637.9747519999999,1850.572616
112,1,31,1953.0,1640.966572,1852.231804
112,1,31,1986.333,1634.204188,1848.976848
112,1,31,2019.667,1640.7687760000001,1835.368728
112,1,31,2086.333,1634.474136,1857.598344
112,1,31,2119.667,1640.3818919999999,1865.54638
112,1,31,2153.0,1629.566556,1866.688544
112,1,31,2286.333,938.596708,1795.32836
112,1,31,2319.667,938.5593879999999,1794.34988
112,1,31,2353.0,931.015772,1798.901624
112,1,31,2386.333,920.439284,1819.967332
112,1,31,2419.667,920.924444,1823.587708
112,1,31,2453.0,923.752056,1820.677032
112,1,31,2486.333,922.3426039999999,1813.85606
112,1,31,2519.667,942.4866959999999,1813.169312
112,1,31,2553.0,978.5415479999999,1772.857144
112,1,31,2586.333,981.87298,1778.767888
112,1,31,2619.667,982.164076,1774.89806
112,1,31,2653.0,982.997556,1771.650352
112,1,31,2686.333,995.431336,1773.779452
112,1,31,2719.667,1684.118444,1839.192652
112,1,31,2753.0,1674.491128,1841.384568
112,1,31,2886.333,1550.3486360000002,1610.985144
112,1,31,2919.667,1558.31148,1617.9679879999999
112,1,31,2953.0,1576.33704,1616.006196
112,1,31,2986.333,1542.75526,1566.850864
112,1,31,3019.667,1542.3895240000002,1555.463048
112,1,31,3053.0,1542.122064,1637.196932
112,1,31,3086.333,1534.106972,1646.987772
112,1,31,3153.0,1548.585888,1620.9674519999999
112,1,31,3186.333,1547.56954,1603.324612
112,1,31,3219.667,1562.885668,1606.5566159999998
112,1,31,3253.0,1570.008812,1611.473176
112,1,31,3286.333,1572.868768,1617.225672
112,1,31,3353.0,1560.42628,1415.781404
112,1,31,3419.667,1531.000704,1597.918812
112,1,31,3453.0,1546.701228,1614.577132
112,1,31,3486.333,1562.34204,1404.9788640000002
112,1,31,3519.667,1549.015068,1402.065772
112,1,31,3553.0,1096.06596,1606.917808
112,1,31,3786.333,1573.727128,-119.46096399999988
112,1,31,3819.667,1633.0174120000001,-103.71891200000005
112,1,31,4086.333,1688.884208,-183.54415599999993
112,1,31,4119.6669999999995,1712.663268,-187.96845600000006
112,1,31,4153.0,1706.016576,-182.18998800000008
112,1,31,4186.3330000000005,1725.25006,-202.62753599999996
112,1,31,4219.667,1724.59696,-178.6378639999998
112,1,31,4319.667,1440.733576,-71.162104
112,1,31,4353.0,1433.63158,-77.97099600000001
112,1,31,4386.333,1553.090412,-98.54927600000019
112,1,31,5053.0,1787.700104,1989.270948
112,1,31,5086.333,1787.5495799999999,1993.528544
112,1,31,5119.667,1717.446448,1833.441364
112,1,31,5153.0,1714.598932,1835.774012
112,1,31,5219.667,1617.626644,1935.0094
112,1,31,5986.333,2213.179204,-512.3037720000002
112,1,31,6019.667,2183.473728,-508.527564
112,1,31,6053.0,2174.0044,-471.5609519999998
112,1,31,6086.333,2174.529368,-483.72007600000006
112,1,31,6119.667,2131.075204,-482.47462799999994
112,1,31,6186.333,688.50046,-58.044431999999915
112,1,31,6219.667,700.758836,-63.59760799999981
112,1,31,6253.0,703.523004,-74.27572400000008
112,1,31,6286.333,718.439808,-74.55658399999993
112,1,31,6319.667,710.534188,-80.15083200000004
112,1,31,6353.0,700.099516,-71.85066400000005
112,1,31,6386.333,700.160472,-66.26426800000013
112,1,31,6419.667,718.84162,-213.1921000000002
112,1,31,6686.333,1860.079756,1915.127532
112,1,31,6719.667,1866.931708,1902.909216
112,1,31,6753.0,1868.8648839999998,1889.231032
112,1,74,232.667,1672.163604,1301.647148
112,1,74,599.3330000000001,1678.168392,1535.38186
112,1,74,632.667,1699.46194,1541.595208
112,1,74,666.0,1711.307308,1495.0292239999999
112,1,74,832.667,1782.751472,10.453396000000112
112,1,74,866.0,1777.9844640000001,15.475052000000005
112,1,74,899.333,1813.688508,26.33014000000003
112,1,74,932.667,1834.011736,31.792716000000155
112,1,74,1066.0,1641.788856,-159.93923199999972
112,1,74,1099.333,1615.9982479999999,-169.93301599999995
112,1,74,1166.0,1619.201548,-192.48214800000005
112,1,74,1199.333,1630.865292,-112.1549799999998
112,1,74,1232.667,1678.565228,-101.87550399999986
112,1,74,1266.0,1700.2742719999999,-110.52236799999991
112,1,74,1299.333,1683.399412,-112.80730000000017
112,1,74,1332.667,1686.371328,-109.880316
112,1,74,1366.0,1670.908408,-126.85211200000003
112,1,74,1432.667,1456.113148,-170.93082400000003
112,1,74,1866.0,1906.050532,1380.665448
112,1,74,1899.333,1907.0357800000002,1391.089884
112,1,74,1999.333,1563.348436,1820.463216
112,1,74,2032.667,1562.819736,1817.413016
112,1,74,2066.0,1552.36516,1815.324988
112,1,74,2099.333,1554.758616,1799.987616
112,1,74,2132.667,1640.661792,2018.463476
112,1,74,2166.0,1653.563316,2031.916972
112,1,74,2199.333,1657.726984,2033.239732
112,1,74,2232.667,1284.35158,1842.468748
112,1,74,2332.667,1299.078052,1851.713572
112,1,74,2399.333,1310.23922,1800.648392
112,1,74,2766.0,1903.027612,-200.18677200000002
112,1,74,4566.0,1643.664808,1492.1451240000001
112,1,74,4599.333,1644.667472,1503.83494
112,1,74,4699.333,1572.9857040000002,1492.99314
112,1,74,4732.667,1750.195992,1745.322596
112,1,74,4766.0,1751.95252,1746.69126
112,1,74,4799.333,1760.58588,1745.758684
112,1,74,4832.667,1769.0202,1745.04536
112,1,74,4866.0,1064.010568,1492.073248
112,1,74,4932.667,1100.238336,1575.86798
112,1,74,4966.0,1093.0865800000001,1574.72642
112,1,74,6232.667,1078.243172,1544.3675680000001
112,1,74,7199.333,724.882484,-130.50570800000014
112,1,74,7232.667,729.5338,-127.04176800000005
112,1,74,7266.0,743.536264,-135.1214759999998
112,1,10,-67.0,1303.394732,1821.256268
112,1,10,-33.667,1301.603372,1815.8444279999999
112,1,10,66.333,1365.712912,1951.526988
112,1,10,99.667,1612.35084,2042.831856
112,1,10,133.0,1614.3449719999999,2044.739288
112,1,10,166.333,1619.107004,2048.611532
112,1,10,199.667,1365.645736,1969.325056
112,1,10,299.66700000000003,1431.994476,2002.615724
112,1,10,666.333,808.01154,885.23928
112,1,10,699.667,807.170596,883.5178800000001
112,1,10,733.0,806.411756,881.475152
112,1,10,766.333,645.173184,877.204268
112,1,10,799.667,689.648672,912.427132
112,1,10,833.0,690.016896,911.1925560000001
112,1,10,866.333,691.505964,911.659448
112,1,10,899.667,693.8185599999999,914.071824
112,1,10,933.0,695.481788,912.184928
112,1,10,966.333,698.0220360000001,909.0749320000001
112,1,10,999.667,697.56922,907.4362799999999
112,1,10,1466.333,1295.518968,2150.0503120000003
112,1,10,1566.333,819.080652,810.351132
112,1,10,1599.667,817.259436,811.573024
112,1,10,1666.333,796.88396,741.7772
112,1,10,1699.667,793.271384,725.0029119999999
112,1,10,1866.333,738.921024,2163.0393320000003
112,1,10,1999.667,693.6717679999999,2175.216576
112,1,10,2066.333,747.014488,2153.51244
112,1,10,2466.333,762.5694639999999,2028.210224
112,1,10,2899.667,1374.31144,2263.072
112,1,10,2933.0,1374.612488,2268.14258
112,1,10,2966.333,1355.4412040000002,2258.884468
112,1,10,3066.333,1402.144696,1955.674656
112,1,10,3099.667,1472.00898,2273.201684
112,1,10,3199.667,1521.622188,2178.946276
112,1,10,3233.0,1489.589188,2178.233556
112,1,10,3266.333,1480.066368,2171.8480680000002
112,1,10,3299.667,1490.59434,2162.559152
112,1,10,3333.0,1459.134824,2091.380772
112,1,10,3366.333,1446.28928,2087.834084
112,1,10,3399.667,1440.7360640000002,2104.595084
112,1,10,3466.333,1542.6470319999999,2148.4847440000003
112,1,10,3499.667,1541.297292,2162.402716
112,1,10,3533.0,1543.219272,2170.1284800000003
112,1,10,3566.333,1578.45184,2253.238276
112,1,10,3599.667,1571.6508919999999,2225.879492
112,1,10,3666.333,1508.292728,2114.8491919999997
112,1,10,3699.667,1517.4361279999998,2126.27506
112,1,10,3733.0,1514.0860360000001,2125.306848
112,1,10,3766.333,1512.417832,2124.3869560000003
112,1,10,3799.667,1359.9594120000002,2108.709532
112,1,10,3833.0,1359.5625759999998,2103.142464
112,1,10,4033.0,1638.51216,2025.115932
112,1,10,4066.333,1672.9050280000001,2023.255008
112,1,10,4099.6669999999995,1661.4403240000001,2011.994032
112,1,10,4133.0,1617.4649239999999,2003.463136
112,1,10,4166.3330000000005,1618.548448,1996.254396
112,1,10,4199.6669999999995,1621.256636,2000.844796
112,1,10,4233.0,1627.5425679999998,1992.095856
112,1,10,4266.333,1618.17276,1990.698804
112,1,10,4299.667,1627.072336,1992.949912
112,1,10,4366.333,1525.775904,771.72352
112,1,10,4399.667,1505.8918079999999,783.358976
112,1,10,5399.667,1248.463424,676.609224
112,1,10,5433.0,1248.388784,677.6728679999999
112,1,10,5466.333,1230.6207319999999,676.935988
112,1,10,5866.333,1069.874784,517.591124
112,1,10,6299.667,1941.611516,1961.07804
112,1,10,6333.0,1946.878612,1955.915048
112,1,10,6366.333,1960.7890200000002,1934.84632
112,1,10,6399.667,1946.211828,1914.333876
112,1,10,6433.0,1955.81924,1931.562372
112,1,10,6466.333,1948.443564,1940.320372
112,1,10,6499.667,1705.617252,1960.484308
112,1,10,6666.333,1507.9804840000002,2167.489
112,1,10,6699.667,1534.1542439999998,2179.19754
112,1,10,6733.0,1533.10804,2196.929772
112,1,10,6766.333,1529.408384,2197.379148
112,1,10,6833.0,1606.3535160000001,2129.757724
112,1,10,6866.333,1601.4260319999999,2132.938992
112,1,10,6899.667,1609.2333760000001,2118.115624
112,1,10,6933.0,1603.994892,2113.7052160000003
112,1,10,7533.0,1131.690388,668.7336680000001
112,1,10,7566.333,1151.35554,662.5058240000001
112,1,10,7599.667,1169.1049320000002,664.2574239999999
112,1,10,7633.0,1163.4721,664.0659559999999
112,1,10,7666.333,1163.8142,669.8214720000001
112,1,10,7699.667,820.0223599999999,690.40398
112,1,10,7733.0,816.10376,692.9075599999999
112,1,22,-47.333,1403.090136,2338.126852
112,1,22,-14.0,1368.62636,2315.842272
112,1,22,19.333,1371.105652,2308.83708
112,1,22,119.333,1359.566308,2323.226172
112,1,22,152.667,1425.375152,2323.360864
112,1,22,186.0,1412.612956,2321.22512
112,1,22,219.333,1402.667176,2321.752412
112,1,22,252.667,1393.8484600000002,2307.061924
112,1,22,286.0,1400.442904,2313.820684
112,1,22,319.33299999999997,1631.774656,2043.269756
112,1,22,386.0,1710.282252,2067.624244
112,1,22,452.667,1705.026352,2080.047316
112,1,22,686.0,-1264.9029799999998,1072.576524
112,1,22,719.333,-1262.865308,1070.73976
112,1,22,752.667,-1222.0359839999999,1070.121868
112,1,22,786.0,-1207.494868,1105.245676
112,1,22,819.333,-1212.668664,1107.876096
112,1,22,852.667,-1218.332596,1094.992172
112,1,22,919.333,-1236.666668,1033.5134280000002
112,1,22,952.667,-1249.22236,1029.882784
112,1,22,986.0,-1260.103628,1014.099056
112,1,22,1019.333,-1273.0499360000001,1008.749428
112,1,22,1052.667,-1271.9141639999998,1025.474188
112,1,22,1086.0,-1218.2903000000001,993.97438
112,1,22,1119.333,-1212.0006360000002,1019.527808
112,1,22,1152.667,-1223.6245720000002,1031.9508799999999
112,1,22,1186.0,-1166.2326320000002,979.0302119999999
112,1,22,1219.333,-1166.949176,988.059408
112,1,22,1252.667,-1168.099876,1004.1342639999999
112,1,22,1286.0,-1204.260468,1006.1105520000001
112,1,22,1319.333,-1170.5493119999999,1005.718556
112,1,22,1352.667,-1158.493708,1014.2711959999999
112,1,22,1386.0,-1131.3633120000002,998.385996
112,1,22,1419.333,-1148.0354,1009.921792
112,1,22,1452.667,-1131.013748,1012.64704
112,1,22,1486.0,-1119.5440680000002,1020.632524
112,1,22,1519.333,-1147.229288,996.0001960000001
112,1,22,1552.667,-1155.07644,990.3540039999999
112,1,22,2119.333,1463.312176,1907.181912
112,1,22,3486.0,1823.160324,2237.3669680000003
112,1,22,3519.333,1805.088736,2231.48582
112,1,22,3552.667,1798.879932,2233.358824
112,1,22,3586.0,1810.490184,2218.106012
112,1,22,3619.333,1821.407528,2228.605948
112,1,22,3652.667,1842.016876,2223.160284
112,1,22,3686.0,1921.157668,1852.970496
112,1,22,3852.667,1536.52904,1827.243116
112,1,22,3886.0,1548.8695200000002,1825.178644
112,1,22,3986.0,-752.7046399999999,653.7073559999999
112,1,22,4019.333,-744.5452439999999,662.14886
112,1,22,4186.0,1046.4925600000001,673.512516
112,1,22,4219.333,1038.473736,670.187496
112,1,22,5452.667,1857.451184,1867.051548
112,1,54,62.0,640.304168,2137.365104
112,1,54,662.0,1518.5656800000002,1787.426832
112,1,54,928.667,810.594084,741.2801080000002
112,1,54,962.0,810.460976,742.4331440000001
112,1,54,1762.0,1532.760964,1837.264684
112,1,54,1795.333,1531.668732,1841.671468
112,1,54,1828.667,1214.810736,2149.5055039999997
112,1,54,1928.667,1561.90664,1888.130544
112,1,54,1962.0,1562.210176,1884.637008
112,1,54,1995.333,1563.4268080000002,1882.728368
112,1,54,2028.667,1570.032448,1884.078308
112,1,54,2195.333,1663.806412,2211.172696
112,1,54,2328.667,1729.967308,2197.612896
112,1,54,2462.0,-1238.736684,1039.244784
112,1,54,2495.333,-1214.929012,1045.45028
112,1,54,2528.667,-1208.6580079999999,1025.276076
112,1,54,4095.333,-928.8202080000001,950.5872479999999
112,1,54,4128.6669999999995,-946.1342000000002,951.8363200000001
112,1,54,4162.0,-948.1034520000001,940.8556
112,1,54,4195.3330000000005,-962.706768,937.365688
112,1,54,4228.667,-931.737388,936.8800719999999
112,1,54,4762.0,1256.668848,420.91186400000015
112,1,54,4795.333,1248.554236,422.06973199999993
112,1,54,4828.667,1270.943748,421.22715199999993
112,1,54,7062.0,1645.563152,2167.013048
112,1,54,7095.333,1672.505704,2178.3664360000002
112,1,54,8028.667,1832.661996,2261.842256
112,1,54,8095.333,1964.6429320000002,2125.883668
112,1,54,8128.667,1987.629564,2114.024128
112,1,54,8195.332999999999,1698.303776,2164.9328720000003
112,1,54,8228.667000000001,1712.481644,2167.977032
112,1,54,8262.0,1715.110216,2187.434288
112,1,01,-64.667,1708.796916,1619.758848
112,1,01,-31.333,1707.204596,1625.515572
112,1,01,2.0,2011.229488,1693.977764
112,1,01,68.667,1594.77934,1789.092664
112,1,01,268.66700000000003,1534.6729919999998,1870.340932
112,1,01,302.0,1531.908824,1871.442628
112,1,01,368.66700000000003,305.92692,2018.290732
112,1,01,402.0,309.860448,2027.9565440000001
112,1,01,468.667,364.62754800000005,2042.5818
112,1,01,502.0,343.740788,2024.572332
112,1,01,535.3330000000001,341.95316,2036.320132
112,1,01,568.6669999999999,337.8915,2037.844628
112,1,01,602.0,274.632856,1983.127664
112,1,01,635.333,266.416236,1990.61666
112,1,01,668.667,263.175616,1997.121136
112,1,01,702.0,267.31316,1996.186748
112,1,01,735.333,286.705876,2007.44712
112,1,01,768.667,1404.11768,1995.664892
112,1,01,802.0,1404.9138400000002,1993.408952
112,1,01,935.333,1390.4498520000002,1975.81262
112,1,01,968.667,1391.8754760000002,1982.907204
112,1,01,1002.0,1388.8488240000001,1988.68084
112,1,01,1068.667,1480.3624399999999,2075.0002919999997
112,1,01,1102.0,1473.1659,2049.992276
112,1,01,1135.333,245.296848,2007.626508
112,1,01,1168.667,239.61301200000003,1998.365376
112,1,01,1202.0,259.86782000000005,2012.090068
112,1,01,1235.333,218.68893200000002,2011.42446
112,1,01,1268.667,288.201164,1996.41204
112,1,01,1368.667,698.779632,643.3463399999998
112,1,01,1402.0,702.984352,637.015212
112,1,01,1435.333,705.43752,621.0309560000001
112,1,01,1468.667,706.7686,615.7658880000001
112,1,01,1502.0,705.718664,604.7362439999999
112,1,01,1535.333,676.188592,514.995132
112,1,01,1568.667,676.062948,502.048996
112,1,01,1602.0,677.763496,493.594204
112,1,01,1635.333,669.271952,508.79990399999997
112,1,01,1668.667,660.424624,519.307088
112,1,01,1735.333,567.175628,523.2844279999999
112,1,01,1768.667,569.66736,542.2210359999999
112,1,01,1802.0,569.389948,556.733948
112,1,01,1968.667,1417.4446520000001,2209.4905559999997
112,1,01,2002.0,1419.892844,2221.1411120000002
112,1,01,2035.333,1425.65132,2236.584788
112,1,01,2068.667,1424.9920000000002,2247.23814
112,1,01,2102.0,1418.4099959999999,2275.709492
112,1,01,2135.333,1409.873668,2274.023728
112,1,01,2168.667,1700.23944,2401.237
112,1,01,2202.0,1689.411664,2401.892944
112,1,01,2235.333,1274.986748,2178.89252
112,1,01,2568.667,307.820288,2064.317948
112,1,01,2602.0,310.626752,2056.583728
112,1,01,2635.333,490.46188,2127.9590120000003
112,1,01,2668.667,490.69202,2122.760384
112,1,01,2968.667,1634.841116,1724.300376
112,1,01,3102.0,1268.0128840000002,1770.003848
112,1,01,3302.0,1278.762288,1880.735772
112,1,01,3368.667,1467.8540200000002,1597.402996
112,1,01,3402.0,1456.330848,1586.133564
112,1,01,3435.333,1431.107504,1566.839992
112,1,01,3468.667,1428.0870719999998,1553.385892
112,1,01,3535.333,807.890872,585.0144360000002
112,1,01,3568.667,828.71792,582.6141400000001
112,1,01,3602.0,844.830208,583.8251600000001
112,1,01,3635.333,868.1265960000001,593.6172080000001
112,1,01,3668.667,884.82232,594.2797959999998
112,1,01,3702.0,880.184688,590.4878839999999
112,1,01,3735.333,857.943212,599.007908
112,1,01,3768.667,838.984652,606.39966
112,1,01,4268.667,1286.36686,2285.984136
112,1,01,4668.667,908.353824,863.0344279999999
112,1,01,4702.0,916.215904,861.634356
112,1,01,4735.333,920.48158,855.48624
112,1,01,4968.667,-910.2112120000002,895.883572
112,1,01,5002.0,-913.5102999999999,903.129156
112,1,01,5035.333,-934.21668,903.5163200000001
112,1,01,5068.667,-925.692792,920.302688
112,1,01,5102.0,-914.332584,902.4822720000001
112,1,01,5135.333,-906.9904960000001,926.3245680000001
112,1,01,5168.667,-910.1266200000002,913.795192
112,1,01,5202.0,-905.8572119999999,920.616164
112,1,01,5235.333,-847.4713159999999,916.436484
112,1,01,5268.667,-846.487312,928.572052
112,1,01,5302.0,-852.7371679999999,912.158352
112,1,01,5568.667,1985.761076,2077.1879799999997
112,1,01,5835.333,1954.2269199999998,2088.2949360000002
112,1,01,7035.333,-1094.5247399999998,786.16516
112,1,01,7068.667,-1076.585016,792.3833399999999
112,1,01,7102.0,-1093.537004,805.8767
112,1,39,-24.0,1035.652344,1799.504416
112,1,39,9.332999999999998,1015.067876,1780.378756
112,1,39,42.667,1123.121716,2147.286408
112,1,39,76.0,1133.32998,2144.281508
112,1,39,109.333,1138.029812,2142.7648639999998
112,1,39,176.0,1127.3625120000002,2158.192232
112,1,39,242.667,493.131504,2124.608624
112,1,39,276.0,484.197096,2142.4984999999997
112,1,39,309.33299999999997,517.13946,2128.03874
112,1,39,442.667,641.6763,1769.826876
112,1,39,476.0,641.32176,1755.423892
112,1,39,509.333,635.0432920000001,1738.066744
112,1,39,576.0,335.840144,2005.912356
112,1,39,609.3330000000001,338.367952,1997.902108
112,1,39,642.667,357.40488400000004,1993.44942
112,1,39,676.0,1493.1209039999999,2207.0171760000003
112,1,39,709.333,1497.752316,2195.425812
112,1,39,742.667,1489.390148,2219.764596
112,1,39,776.0,1492.284936,2231.729232
112,1,39,809.333,1501.4345560000002,2230.213192
112,1,39,842.667,1500.8337040000001,2229.144112
112,1,39,1642.667,725.076548,466.4818520000001
112,1,39,1676.0,729.006344,468.17909199999986
112,1,39,1709.333,725.070328,466.0632800000001
112,1,39,2009.333,1625.793504,1733.014284
112,1,39,2409.333,1624.294484,806.8563879999999
112,1,39,2442.667,1608.89874,812.862564
112,1,39,2476.0,1605.6071160000001,831.4748239999999
112,1,39,2509.333,1612.74892,809.825652
112,1,39,2676.0,1024.976336,548.5539760000001
112,1,39,2709.333,920.271344,495.0335359999999
112,1,39,2742.667,921.225492,485.2046439999999
112,1,39,2776.0,914.9034839999999,482.24746000000005
112,1,39,2809.333,913.180544,481.88506000000007
112,1,39,2842.667,912.491368,484.410384
112,1,39,2876.0,918.53472,485.14847199999986
112,1,39,2909.333,920.163116,487.8435200000001
112,1,39,2942.667,922.9733120000001,494.13961600000016
112,1,39,2976.0,922.718292,492.92859599999997
112,1,39,3009.333,924.4263040000001,492.42787999999996
112,1,39,3042.667,922.157248,490.172544
112,1,39,3076.0,915.870072,490.3138799999999
112,1,39,3209.333,1039.976488,439.9451119999999
112,1,39,3242.667,1043.136248,440.32683999999995
112,1,39,3276.0,1041.33618,441.3355200000001
112,1,39,3309.333,1044.279484,440.4234799999999
112,1,39,3342.667,1042.345064,439.3374880000001
112,1,39,3376.0,1038.17642,438.80415600000015
112,1,39,3409.333,1021.0365879999999,435.865092
112,1,39,3442.667,1020.781568,434.51213199999984
112,1,39,3476.0,1028.77178,430.4768079999999
112,1,39,4409.333,770.869432,383.86492
112,1,39,4442.667,754.672552,369.7983640000002
112,1,39,4476.0,752.036516,352.16337599999997
112,1,39,4509.333,735.608252,322.33846000000017
112,1,39,4542.667,737.20306,304.3428839999999
112,1,39,4576.0,728.679172,293.847176
112,1,39,4609.333,717.974552,302.153988
112,1,39,4642.667,1026.7888440000002,2152.933204
112,1,39,4676.0,1145.16664,2171.4856680000003
112,1,39,4709.333,1146.1916959999999,2173.1557279999997
112,1,39,4742.667,1063.540336,2154.2601919999997
112,1,39,4776.0,1063.027808,2135.568808
112,1,39,4809.333,1063.853824,2116.4812
112,1,39,5542.667,909.958584,1817.544688
112,1,39,5576.0,972.67982,1861.920568
112,1,39,5609.333,954.06336,1856.627716
112,1,39,5642.667,943.85634,1858.943452
112,1,39,5676.0,951.219576,1839.02172
112,1,39,5709.333,1597.8122119999998,1581.525648
112,1,39,5742.667,1593.5477799999999,1579.82418
112,1,39,5776.0,1523.306564,1586.689848
112,1,39,5809.333,1522.784084,1580.37684
112,1,39,5842.667,1439.600292,1557.290148
112,1,39,5909.333,1410.700928,1574.4250240000001
112,1,39,5942.667,1387.469228,1402.61662
112,1,39,5976.0,1382.993316,1402.9911
112,1,39,6009.333,1360.137304,1409.793348
112,1,39,6376.0,1151.341856,276.927324
112,1,39,6476.0,1354.6661920000001,301.55965200000014
112,1,44,378.333,2109.862516,1482.12114
112,1,44,411.667,2116.6137040000003,1502.043476
112,1,44,445.0,2095.967036,1502.8123679999999
112,1,44,478.333,2102.4022480000003,1494.154632
112,1,44,511.667,2075.256924,1516.535852
112,1,44,545.0,983.041096,1306.56854
112,1,44,1011.667,-1625.4950399999998,672.964084
112,1,44,1578.333,745.403508,394.38237200000003
112,1,44,1611.667,746.169812,393.49570000000017
112,1,44,1645.0,746.78808,391.71269200000006
112,1,44,1678.333,739.335276,398.81089999999995
112,1,44,1711.667,734.9464439999999,399.740456
112,1,44,1778.333,1062.436908,1417.628436
112,1,44,1811.667,1062.195572,1415.395448
112,1,44,1845.0,1060.274836,1413.7036440000002
112,1,44,1878.333,1061.660652,1413.273596
112,1,44,1911.667,1057.577844,1417.28778
112,1,44,1945.0,1052.692656,1414.260532
112,1,44,1978.333,1048.57004,1410.3454040000001
112,1,44,2045.0,1618.217544,1588.686672
112,1,44,2078.333,1617.603008,1594.025428
112,1,44,2111.667,1631.313132,1599.384116
112,1,44,2145.0,1627.859788,1584.056408
112,1,44,2178.333,1630.452284,1600.65916
112,1,44,2611.667,1695.6677399999999,1475.338824
112,1,44,2645.0,1686.338984,1491.2608679999998
112,1,44,2678.333,1583.473868,1779.980116
112,1,44,2711.667,1588.417524,1785.71268
112,1,44,2745.0,1584.511364,1788.813012
112,1,44,2778.333,1585.084848,1789.565596
112,1,44,2811.667,1742.707112,1565.1802
112,1,44,2845.0,1732.495116,1556.5285039999999
112,1,44,2878.333,1731.187672,1553.6111839999999
112,1,44,2911.667,1733.95806,1515.446236
112,1,44,2945.0,1734.260352,1525.020844
112,1,44,2978.333,1692.469416,1580.7392399999999
112,1,44,3478.333,759.933428,253.07355199999984
112,1,44,4345.0,439.742756,1654.555288
112,1,44,4378.333,393.325384,1706.142324
112,1,44,4778.333,573.8783,1876.714944
112,1,44,4811.667,584.883968,1868.0566039999999
112,1,44,6411.667,278.53279599999996,1830.980064
112,1,44,6545.0,253.065628,1862.199616
112,1,44,6578.333,260.96254000000005,1867.589108
112,1,44,7311.667,1912.924876,1879.638908
112,1,44,7445.0,1686.918688,1684.462952
112,1,44,7478.333,1690.586,1681.717168
112,1,44,7511.667,1692.641088,1675.45248
112,1,44,7911.667,1353.1248759999999,494.60409200000004
112,1,44,8345.0,1536.644732,322.9478960000001
112,1,44,8378.333,1549.1133439999999,331.47214800000006
112,1,44,8411.667,1546.397692,334.51389200000017
112,1,44,8611.667,463.766884,1875.397016
112,1,68,-24.333,1599.204248,915.343244
112,1,68,9.0,1579.23556,942.0068239999999
112,1,68,42.333,1688.0047,1051.56578
112,1,68,75.667,1699.795332,1060.567192
112,1,68,109.0,1687.126436,1087.617936
112,1,68,142.333,1697.175468,1101.0031800000002
112,1,68,209.0,1547.91164,1139.8548759999999
112,1,68,2842.333,-21.24632399999996,1986.293228
112,1,68,3275.667,529.284632,305.00064
112,1,68,3475.667,1152.9105399999999,1828.431788
